Timestamp,PosIsDeg,ForceIs,AccX,AccY,AccZ,GyroX,GyroY,GyroZ
2024-12-16 10:45:29.774,-2.02,538.0,0.3,0.94,0.05,1.17,2.99,3.12
2024-12-16 10:45:31.85,-2.25,540.0,0.37,0.91,0.07,-1.88,-4.33,-0.54
2024-12-16 10:45:31.132,0.45,542.0,0.36,0.92,0.07,-2.67,-4.45,-0.42
2024-12-16 10:45:31.184,1.57,558.0,0.37,0.92,0.06,-2.37,-2.2,0.44
2024-12-16 10:45:31.245,-0.67,543.0,0.38,0.92,0.08,-2.43,-4.27,-0.11
2024-12-16 10:45:31.303,-6.97,561.0,0.37,0.91,0.07,-2.24,-6.28,-0.3
2024-12-16 10:45:31.360,1.35,556.0,0.37,0.93,0.07,-2.06,-7.2,0.74
2024-12-16 10:45:31.412,-5.62,548.0,0.36,0.92,0.07,-2.85,-6.1,2.88
2024-12-16 10:45:31.474,-2.92,542.0,0.38,0.92,0.07,-3.22,-4.76,4.4
2024-12-16 10:45:31.522,-4.28,553.0,0.38,0.92,0.07,-2.37,-6.83,5.01
2024-12-16 10:45:31.576,-3.15,548.0,0.37,0.92,0.07,-1.63,-6.04,5.01
2024-12-16 10:45:31.636,-3.15,545.0,0.37,0.93,0.07,-1.15,-2.62,5.62
2024-12-16 10:45:31.695,-2.02,543.0,0.38,0.92,0.08,-0.54,-0.91,5.2
2024-12-16 10:45:31.741,-1.57,537.0,0.39,0.91,0.08,0.14,-1.34,4.47
2024-12-16 10:45:31.790,-2.25,522.0,0.39,0.9,0.08,0.26,-1.65,3.43
2024-12-16 10:45:31.848,-6.97,552.0,0.39,0.9,0.09,-0.05,-3.05,2.63
2024-12-16 10:45:31.894,-1.57,548.0,0.38,0.91,0.09,-0.72,-2.68,1.9
2024-12-16 10:45:31.945,-1.8,544.0,0.39,0.91,0.08,-1.51,-2.68,0.86
2024-12-16 10:45:31.995,-4.05,555.0,0.4,0.91,0.08,-1.27,-4.09,0.07
2024-12-16 10:45:32.114,-3.38,547.0,0.39,0.9,0.08,-0.78,-6.16,-0.42
2024-12-16 10:45:32.291,0.45,558.0,0.38,0.91,0.07,-1.02,-5.92,2.51
2024-12-16 10:45:32.337,0.22,561.0,0.38,0.92,0.08,-0.17,-2.5,3.12
2024-12-16 10:45:32.384,-2.02,580.0,0.4,0.94,0.09,0.38,-0.73,3.92
2024-12-16 10:45:32.452,-4.05,549.0,0.4,0.92,0.08,0.75,-4.21,4.22
2024-12-16 10:45:32.558,1.12,576.0,0.38,0.9,0.05,2.21,-3.17,1.72
2024-12-16 10:45:32.608,4.28,566.0,0.37,0.88,0.03,0.32,-0.61,3.0
2024-12-16 10:45:32.657,-1.57,568.0,0.39,0.9,0.05,-1.27,3.36,3.24
2024-12-16 10:45:32.714,-0.67,544.0,0.42,0.88,0.08,-0.47,5.86,1.72
2024-12-16 10:45:32.762,-1.8,581.0,0.42,0.9,0.06,0.75,5.49,0.8
2024-12-16 10:45:32.813,-4.05,549.0,0.35,0.9,0.02,-0.29,10.93,1.9
2024-12-16 10:45:32.873,-4.5,565.0,0.46,0.91,0.08,-0.41,11.9,4.77
2024-12-16 10:45:32.930,0.67,550.0,0.42,0.88,0.11,1.91,1.89,-1.15
2024-12-16 10:45:32.993,1.12,535.0,0.43,0.89,0.08,-0.96,1.59,-0.48
2024-12-16 10:45:33.107,-1.35,564.0,0.41,0.91,0.08,-4.5,5.68,2.27
2024-12-16 10:45:33.159,-2.02,586.0,0.45,0.87,0.09,-2.18,1.71,-0.05
2024-12-16 10:45:33.204,-1.8,576.0,0.39,0.92,0.07,-0.78,1.41,-0.54
2024-12-16 10:45:33.255,1.35,580.0,0.38,0.91,0.07,-2.12,3.6,1.9
2024-12-16 10:45:33.299,-1.35,586.0,0.48,0.93,0.09,-3.04,-2.32,2.57
2024-12-16 10:45:33.344,-0.22,585.0,0.38,0.91,0.1,-0.54,-1.71,1.05
2024-12-16 10:45:33.396,-1.12,578.0,0.39,0.88,0.09,5.51,12.58,1.41
2024-12-16 10:45:33.459,-1.35,565.0,0.42,0.9,0.08,6.73,8.06,-0.17
2024-12-16 10:45:33.501,-3.82,554.0,0.42,0.89,0.09,5.69,8.24,-0.05
2024-12-16 10:45:33.546,3.15,539.0,0.41,0.91,0.11,4.16,10.44,-0.6
2024-12-16 10:45:33.600,-1.12,520.0,0.37,0.88,0.13,2.03,5.01,-5.36
2024-12-16 10:45:33.690,-2.7,513.0,0.34,0.86,0.11,1.05,-5.86,-19.58
2024-12-16 10:45:33.756,6.52,503.0,0.34,0.93,0.11,0.44,-5.55,-26.91
2024-12-16 10:45:33.864,35.1,393.0,0.34,1.0,0.06,-3.95,1.1,-30.32
2024-12-16 10:45:33.921,41.4,434.0,0.24,0.99,0.09,-5.78,4.09,-18.91
2024-12-16 10:45:33.967,51.52,441.0,0.22,0.99,0.12,-5.05,6.72,-11.83
2024-12-16 10:45:34.14,57.82,418.0,0.25,0.98,0.11,-4.14,5.31,-5.97
2024-12-16 10:45:34.62,71.1,432.0,0.23,0.95,-0.01,-4.5,5.92,-1.03
2024-12-16 10:45:34.111,81.22,433.0,0.21,0.93,0.1,-3.22,7.51,0.8
2024-12-16 10:45:34.156,85.05,418.0,0.2,0.9,0.1,-6.46,6.78,3.31
2024-12-16 10:45:34.208,87.75,405.0,0.2,0.92,0.1,-10.42,7.26,3.85
2024-12-16 10:45:34.251,97.2,389.0,0.22,0.96,0.14,-13.29,5.19,5.38
2024-12-16 10:45:34.302,99.9,357.0,0.25,0.96,0.17,-16.22,7.26,9.16
2024-12-16 10:45:34.430,106.42,330.0,0.19,0.98,0.2,-10.3,11.54,2.76
2024-12-16 10:45:34.607,109.35,424.0,0.28,0.99,0.24,-6.52,1.47,7.27
2024-12-16 10:45:34.733,101.25,432.0,0.28,1.01,0.25,-1.51,2.75,5.81
2024-12-16 10:45:34.996,103.5,435.0,0.27,0.97,0.24,-1.08,-1.16,4.1
2024-12-16 10:45:35.53,109.12,452.0,0.31,0.93,0.22,-0.05,-0.18,5.08
2024-12-16 10:45:35.108,104.17,461.0,0.31,0.92,0.22,-0.66,-2.38,6.78
2024-12-16 10:45:35.173,106.2,484.0,0.3,0.9,0.25,-2.92,-1.95,6.66
2024-12-16 10:45:35.294,107.77,415.0,0.31,0.91,0.24,3.31,-0.97,-0.17
2024-12-16 10:45:35.352,110.25,427.0,0.31,0.92,0.23,3.55,-0.18,-0.72
2024-12-16 10:45:35.668,107.77,435.0,0.32,0.9,0.24,-2.18,-3.9,4.16
2024-12-16 10:45:35.965,109.35,424.0,0.32,0.92,0.24,-1.63,-3.66,3.06
2024-12-16 10:45:36.9,106.2,413.0,0.34,0.89,0.23,0.69,0.25,2.33
2024-12-16 10:45:36.76,107.77,422.0,0.34,0.88,0.26,-0.96,-1.46,0.31
2024-12-16 10:45:36.257,102.15,510.0,0.37,0.9,0.19,-0.84,-13.24,4.4
2024-12-16 10:45:36.414,86.62,500.0,0.36,0.95,0.23,10.27,-5.74,-3.23
2024-12-16 10:45:36.567,48.15,495.0,0.35,0.93,0.16,15.39,-5.43,-7.5
2024-12-16 10:45:36.862,1.57,506.0,0.19,0.9,0.09,16.68,-2.26,-23.73
2024-12-16 10:45:36.917,-1.8,506.0,0.2,0.94,0.12,9.54,5.07,-28.98
2024-12-16 10:45:36.973,-1.57,499.0,0.28,0.96,0.02,-4.87,0.98,-8.96
2024-12-16 10:45:37.36,-3.6,514.0,0.2,0.93,0.05,-11.58,-7.63,1.54
2024-12-16 10:45:37.216,-3.6,534.0,0.22,0.99,0.06,-1.33,-4.39,-1.52
2024-12-16 10:45:37.395,-0.9,510.0,0.23,0.97,0.08,-2.06,-5.0,3.55
2024-12-16 10:45:37.452,-3.15,528.0,0.21,0.97,0.09,-2.55,-7.57,-0.97
2024-12-16 10:45:37.515,-1.12,513.0,0.21,0.96,0.06,-0.84,-2.81,-2.31
2024-12-16 10:45:37.646,-6.3,532.0,0.2,0.98,0.08,-0.11,-1.16,-1.58
2024-12-16 10:45:37.700,-2.47,520.0,0.22,0.97,0.07,1.42,0.49,-1.33
2024-12-16 10:45:37.756,-3.38,519.0,0.22,0.96,0.07,1.54,-0.79,-0.11
2024-12-16 10:45:37.812,-2.02,533.0,0.22,0.97,0.07,1.66,1.28,1.47
2024-12-16 10:45:37.879,-6.07,526.0,0.2,0.97,0.07,1.54,0.0,1.29
2024-12-16 10:45:37.935,-1.35,515.0,0.2,0.96,0.08,0.93,-0.67,1.23
2024-12-16 10:45:38.7,-1.12,551.0,0.21,0.97,0.07,0.44,0.55,1.17
2024-12-16 10:45:38.136,-0.9,511.0,0.21,0.96,0.07,-0.47,-0.12,1.41
2024-12-16 10:45:38.182,-1.35,523.0,0.21,0.98,0.07,-0.11,-0.43,1.23
2024-12-16 10:45:38.228,-0.67,527.0,0.21,0.97,0.07,-0.11,-1.04,0.62
2024-12-16 10:45:38.352,-1.35,515.0,0.2,0.96,0.07,-1.02,0.12,0.86
2024-12-16 10:45:38.417,-3.82,523.0,0.21,0.97,0.07,-1.21,0.0,0.44
2024-12-16 10:45:38.509,0.22,575.0,0.2,0.97,0.07,-1.02,-0.49,0.99
2024-12-16 10:45:38.640,0.67,522.0,0.22,0.97,0.09,0.2,-1.71,2.7
2024-12-16 10:45:38.818,1.8,485.0,0.18,0.93,0.05,3.61,-7.81,-11.71
2024-12-16 10:45:38.867,8.1,459.0,0.18,0.88,0.06,-0.9,-4.7,-19.22
2024-12-16 10:45:38.973,17.32,453.0,0.19,0.97,0.06,-2.85,12.94,-7.99
2024-12-16 10:45:39.250,80.55,425.0,0.19,0.97,0.07,-6.76,3.11,9.23
2024-12-16 10:45:39.340,90.22,416.0,0.18,0.92,0.12,-10.97,5.49,6.54
2024-12-16 10:45:39.603,104.62,517.0,0.25,0.98,0.18,-11.52,-2.68,5.38
2024-12-16 10:45:39.801,110.02,503.0,0.25,0.96,0.19,-8.53,1.71,2.88
2024-12-16 10:45:39.860,105.52,471.0,0.25,0.96,0.25,-3.83,0.43,5.08
2024-12-16 10:45:40.75,102.82,464.0,0.24,0.93,0.21,-1.21,-1.52,0.68
2024-12-16 10:45:40.141,111.15,458.0,0.24,0.95,0.23,-0.54,-0.43,0.01
2024-12-16 10:45:40.290,105.97,443.0,0.25,0.94,0.22,1.54,0.12,1.66
2024-12-16 10:45:40.629,110.7,414.0,0.27,0.93,0.2,0.38,-0.67,1.66
2024-12-16 10:45:40.681,105.3,405.0,0.25,0.93,0.21,0.81,-0.73,1.17
2024-12-16 10:45:40.737,106.2,408.0,0.25,0.93,0.21,0.38,0.0,1.17
2024-12-16 10:45:40.890,105.3,453.0,0.26,0.97,0.2,-3.65,-1.46,9.47
2024-12-16 10:45:40.934,107.1,488.0,0.28,0.93,0.18,-4.08,-6.77,7.52
2024-12-16 10:45:40.994,98.55,496.0,0.28,0.89,0.2,2.15,-11.41,0.99
2024-12-16 10:45:41.58,98.77,518.0,0.26,0.93,0.23,6.61,-10.31,-3.71
2024-12-16 10:45:41.109,90.22,506.0,0.28,0.93,0.21,5.38,-5.13,-10.55
2024-12-16 10:45:41.172,84.38,493.0,0.28,0.98,0.15,7.46,-5.92,-8.96
2024-12-16 10:45:41.230,75.82,461.0,0.3,0.98,0.17,9.41,-13.67,-10.24
2024-12-16 10:45:41.283,68.17,507.0,0.25,0.99,0.16,8.31,-11.35,-6.09
2024-12-16 10:45:41.380,59.62,539.0,0.25,0.94,0.14,12.04,-7.26,-8.35
2024-12-16 10:45:41.652,11.25,519.0,0.14,0.91,0.15,6.3,-7.08,-7.19
2024-12-16 10:45:41.718,2.47,520.0,0.12,0.94,0.07,13.81,4.03,-12.38
2024-12-16 10:45:41.775,-7.42,496.0,0.13,0.92,0.04,1.42,-7.02,-11.89
2024-12-16 10:45:41.822,-4.05,496.0,0.16,0.97,0.05,-4.2,-4.64,-9.45
2024-12-16 10:45:41.918,-0.67,509.0,0.18,0.99,0.04,-1.51,4.95,1.84
2024-12-16 10:45:42.82,-4.72,559.0,0.14,0.98,0.06,0.5,2.38,-0.17
2024-12-16 10:45:42.131,-5.17,527.0,0.17,0.98,0.05,1.11,1.28,0.13
2024-12-16 10:45:42.210,0.45,511.0,0.16,0.98,0.05,0.62,-0.73,1.35
2024-12-16 10:45:42.320,-0.9,527.0,0.16,0.98,0.06,0.14,0.31,4.34
2024-12-16 10:45:42.373,-4.72,532.0,0.18,0.98,0.07,0.81,0.49,3.0
2024-12-16 10:45:42.426,-4.28,515.0,0.16,0.98,0.07,1.48,-1.95,1.9
2024-12-16 10:45:42.808,0.67,532.0,0.16,0.96,0.06,0.14,-1.65,0.44
2024-12-16 10:45:43.28,-1.35,531.0,0.17,0.98,0.05,0.69,-1.22,2.21
2024-12-16 10:45:43.78,-3.82,520.0,0.18,0.98,0.05,1.23,-3.11,2.21
2024-12-16 10:45:43.145,-1.12,528.0,0.16,0.99,0.05,1.23,0.43,3.61
2024-12-16 10:45:43.215,-3.38,501.0,0.14,0.97,0.08,0.75,-4.27,-5.24
2024-12-16 10:45:43.270,-1.12,482.0,0.11,0.97,0.06,-2.92,-8.6,-11.71
2024-12-16 10:45:43.332,8.55,482.0,0.11,0.95,0.06,-1.27,6.23,-9.94
2024-12-16 10:45:43.391,18.45,510.0,0.17,0.99,0.04,-4.2,1.89,-6.58
2024-12-16 10:45:43.488,27.9,560.0,0.1,0.99,0.05,-7.74,0.25,-7.99
2024-12-16 10:45:43.674,73.12,507.0,0.12,1.0,0.07,-4.2,9.16,7.88
2024-12-16 10:45:43.770,83.92,482.0,0.12,0.99,0.11,-9.63,6.04,11.67
2024-12-16 10:45:44.111,109.8,547.0,0.17,0.92,0.14,-5.05,5.37,6.11
2024-12-16 10:45:44.162,108.45,544.0,0.17,0.94,0.17,-7.86,4.88,8.92
2024-12-16 10:45:44.229,110.02,498.0,0.15,0.99,0.19,-5.66,5.31,6.97
2024-12-16 10:45:44.288,103.05,519.0,0.18,1.0,0.18,0.32,3.97,2.15
2024-12-16 10:45:44.355,109.8,504.0,0.17,0.95,0.19,3.43,2.63,3.61
2024-12-16 10:45:44.462,107.55,511.0,0.16,0.95,0.18,0.56,2.2,5.44
2024-12-16 10:45:44.570,110.25,507.0,0.18,0.96,0.18,1.6,0.12,0.99
2024-12-16 10:45:44.617,107.32,502.0,0.18,0.96,0.17,1.3,1.34,2.21
2024-12-16 10:45:44.899,108.9,477.0,0.19,0.96,0.19,1.72,1.22,-0.17
2024-12-16 10:45:44.955,105.07,470.0,0.19,0.95,0.18,0.32,1.16,1.11
2024-12-16 10:45:45.1,105.07,470.0,0.19,0.97,0.18,-1.08,1.34,2.76
2024-12-16 10:45:45.60,107.32,492.0,0.21,0.97,0.18,-0.9,-0.18,3.79
2024-12-16 10:45:45.116,108.9,514.0,0.18,0.98,0.19,-2.18,-4.33,5.01
2024-12-16 10:45:46.466,-3.15,503.0,0.08,0.99,0.04,0.56,-5.19,3.12
2024-12-16 10:45:47.20,-2.25,511.0,0.11,0.98,0.03,-0.54,-3.11,5.93
2024-12-16 10:45:47.724,58.72,492.0,0.13,0.97,0.06,-10.85,10.01,-7.31
2024-12-16 10:45:47.768,67.28,461.0,0.15,1.04,0.06,-8.29,14.89,3.49
2024-12-16 10:45:47.814,79.65,456.0,0.15,1.06,0.11,-13.6,6.11,2.39
2024-12-16 10:45:47.861,86.17,459.0,0.1,1.03,0.11,-15.37,1.59,8.98
2024-12-16 10:45:47.915,96.52,466.0,0.12,0.98,0.11,-12.07,1.77,6.97
2024-12-16 10:45:47.971,95.4,444.0,0.16,0.92,0.12,-10.24,0.61,6.42
2024-12-16 10:45:48.18,101.7,453.0,0.17,0.94,0.14,-12.44,0.31,5.38
2024-12-16 10:45:48.79,103.5,435.0,0.16,0.98,0.14,-13.29,7.2,6.05
2024-12-16 10:45:48.161,107.77,450.0,0.15,1.05,0.17,-8.23,0.55,6.36
2024-12-16 10:45:48.251,110.7,471.0,0.16,0.95,0.2,-4.75,2.08,8.92
2024-12-16 10:45:48.306,107.77,450.0,0.16,0.98,0.19,-7.62,1.47,9.96
2024-12-16 10:45:48.360,106.2,435.0,0.18,0.98,0.2,-3.95,-1.52,5.5
2024-12-16 10:45:48.416,105.3,426.0,0.18,0.99,0.22,-0.29,0.0,2.39
2024-12-16 10:45:48.476,107.1,431.0,0.17,0.96,0.24,1.42,3.48,2.08
2024-12-16 10:45:48.532,99.67,425.0,0.18,0.94,0.23,-0.17,1.34,3.79
2024-12-16 10:45:48.587,108.22,420.0,0.17,0.93,0.22,-2.18,1.04,4.77
2024-12-16 10:45:48.655,109.35,417.0,0.19,0.96,0.21,-3.65,0.73,3.55
2024-12-16 10:45:48.706,105.52,425.0,0.21,0.96,0.21,-1.15,-0.49,2.21
2024-12-16 10:45:48.788,105.52,420.0,0.2,0.96,0.21,0.32,-2.32,-0.42
2024-12-16 10:45:48.894,110.47,420.0,0.19,0.97,0.22,-0.17,1.59,-1.82
2024-12-16 10:45:48.950,107.77,419.0,0.19,0.97,0.22,3.19,1.47,-3.47
2024-12-16 10:45:48.998,109.12,425.0,0.2,0.95,0.22,4.35,-0.55,-3.59
2024-12-16 10:45:49.46,107.32,442.0,0.19,0.95,0.22,4.29,-2.99,-3.65
2024-12-16 10:45:49.97,105.52,531.0,0.17,0.97,0.22,2.94,-6.65,0.68
2024-12-16 10:45:49.196,105.97,536.0,0.19,0.94,0.2,2.46,-10.01,1.41
2024-12-16 10:45:49.291,96.52,534.0,0.17,0.94,0.14,11.31,-10.74,-2.43
2024-12-16 10:45:49.343,89.32,517.0,0.18,1.0,0.14,12.4,-11.17,-0.54
2024-12-16 10:45:49.399,81.67,514.0,0.22,1.05,0.15,10.02,-15.32,2.45
2024-12-16 10:45:49.449,68.62,512.0,0.17,1.0,0.17,8.74,-11.66,5.38
2024-12-16 10:45:49.542,62.55,515.0,0.18,0.95,0.12,14.3,-5.98,6.54
2024-12-16 10:45:50.274,-3.6,520.0,0.16,0.95,0.07,-6.52,7.63,11.06
2024-12-16 10:45:50.480,-3.38,553.0,0.23,0.94,0.12,-5.72,25.15,7.58
2024-12-16 10:45:50.533,-6.07,529.0,0.22,0.99,0.1,-5.54,28.02,4.71
2024-12-16 10:45:50.597,2.7,533.0,0.22,0.93,0.13,-3.1,30.52,2.15
2024-12-16 10:45:50.650,-1.8,537.0,0.3,0.95,0.19,-1.08,14.77,-2.07
2024-12-16 10:45:50.785,-2.25,518.0,0.25,1.02,0.18,-4.56,-11.47,-8.96
2024-12-16 10:45:51.376,-3.15,524.0,0.26,0.96,0.21,-19.58,-33.87,3.37
2024-12-16 10:45:51.505,-6.07,554.0,0.29,0.95,0.24,-17.93,-25.02,1.35
2024-12-16 10:45:51.986,-3.6,533.0,0.19,0.96,0.11,8.19,4.34,-5.24
2024-12-16 10:45:52.42,0.67,531.0,0.26,0.92,0.09,5.63,-14.28,-11.59
2024-12-16 10:45:52.91,-1.35,532.0,0.22,0.92,0.07,4.16,-34.24,-18.42
2024-12-16 10:45:52.147,-3.38,545.0,0.14,0.93,0.02,3.31,-30.09,-21.78
2024-12-16 10:45:52.300,1.57,570.0,0.12,1.02,-0.1,1.42,-8.05,-16.9
2024-12-16 10:45:52.610,-2.02,564.0,0.07,1.0,-0.09,-10.24,-24.29,15.63
2024-12-16 10:45:52.674,-1.57,543.0,0.08,0.97,-0.15,-7.25,14.16,26.62
2024-12-16 10:45:52.742,-1.35,581.0,0.25,0.94,-0.11,-15.0,26.49,25.28
2024-12-16 10:45:52.870,-5.17,551.0,0.3,0.97,0.13,-6.94,-36.5,3.31
2024-12-16 10:45:53.163,-3.6,527.0,0.2,0.97,0.14,-2.55,-18.67,3.43
